timestamp,buyer,seller,symbol,currency,price,quantity
6300,,,ASH_COATED_OSMIUM,XIRECS,10009.0,5
7000,,,ASH_COATED_OSMIUM,XIRECS,10008.0,4
7100,,,ASH_COATED_OSMIUM,XIRECS,10008.0,3
8600,,,ASH_COATED_OSMIUM,XIRECS,10008.0,5
9300,,,ASH_COATED_OSMIUM,XIRECS,9992.0,7
9700,,,ASH_COATED_OSMIUM,XIRECS,10009.0,5
12500,,,ASH_COATED_OSMIUM,XIRECS,10013.0,10
12600,,,ASH_COATED_OSMIUM,XIRECS,10011.0,9
17700,,,ASH_COATED_OSMIUM,XIRECS,10009.0,5
21200,,,ASH_COATED_OSMIUM,XIRECS,10008.0,10
22000,,,ASH_COATED_OSMIUM,XIRECS,9993.0,5
22700,,,ASH_COATED_OSMIUM,XIRECS,9994.0,9
23200,,,ASH_COATED_OSMIUM,XIRECS,9993.0,6
23600,,,ASH_COATED_OSMIUM,XIRECS,9990.0,6
24600,,,ASH_COATED_OSMIUM,XIRECS,10008.0,5
30100,,,ASH_COATED_OSMIUM,XIRECS,10009.0,5
31500,,,ASH_COATED_OSMIUM,XIRECS,9993.0,10
33800,,,ASH_COATED_OSMIUM,XIRECS,10010.0,4
35100,,,ASH_COATED_OSMIUM,XIRECS,9993.0,7
37300,,,ASH_COATED_OSMIUM,XIRECS,10008.0,7
40500,,,ASH_COATED_OSMIUM,XIRECS,10009.0,8
41100,,,ASH_COATED_OSMIUM,XIRECS,9993.0,6
41900,,,ASH_COATED_OSMIUM,XIRECS,9993.0,6
46300,,,ASH_COATED_OSMIUM,XIRECS,9992.0,4
52500,,,ASH_COATED_OSMIUM,XIRECS,10006.0,5
56500,,,ASH_COATED_OSMIUM,XIRECS,9985.0,2
58200,,,ASH_COATED_OSMIUM,XIRECS,10003.0,6
59500,,,ASH_COATED_OSMIUM,XIRECS,10002.0,5
60800,,,ASH_COATED_OSMIUM,XIRECS,10003.0,8
61800,,,ASH_COATED_OSMIUM,XIRECS,10005.0,5
62200,,,ASH_COATED_OSMIUM,XIRECS,9999.0,3
62300,,,ASH_COATED_OSMIUM,XIRECS,10005.0,2
62800,,,ASH_COATED_OSMIUM,XIRECS,10005.0,9
68000,,,ASH_COATED_OSMIUM,XIRECS,10005.0,5
71300,,,ASH_COATED_OSMIUM,XIRECS,9989.0,10
78300,,,ASH_COATED_OSMIUM,XIRECS,9994.0,2
79400,,,ASH_COATED_OSMIUM,XIRECS,10013.0,4
79600,,,ASH_COATED_OSMIUM,XIRECS,10010.0,5
81400,,,ASH_COATED_OSMIUM,XIRECS,10008.0,2
86800,,,ASH_COATED_OSMIUM,XIRECS,9991.0,10
89000,,,ASH_COATED_OSMIUM,XIRECS,10012.0,4
97500,,,ASH_COATED_OSMIUM,XIRECS,9990.0,6
97600,,,ASH_COATED_OSMIUM,XIRECS,10008.0,6
106900,,,ASH_COATED_OSMIUM,XIRECS,10010.0,7
111300,,,ASH_COATED_OSMIUM,XIRECS,9995.0,3
112200,,,ASH_COATED_OSMIUM,XIRECS,10010.0,2
116600,,,ASH_COATED_OSMIUM,XIRECS,9996.0,8
120700,,,ASH_COATED_OSMIUM,XIRECS,9996.0,5
120800,,,ASH_COATED_OSMIUM,XIRECS,10002.0,5
128900,,,ASH_COATED_OSMIUM,XIRECS,9999.0,3
132300,,,ASH_COATED_OSMIUM,XIRECS,10008.0,4
134100,,,ASH_COATED_OSMIUM,XIRECS,9991.0,2
137400,,,ASH_COATED_OSMIUM,XIRECS,9993.0,7
139000,,,ASH_COATED_OSMIUM,XIRECS,9994.0,7
139100,,,ASH_COATED_OSMIUM,XIRECS,10010.0,2
151400,,,ASH_COATED_OSMIUM,XIRECS,9991.0,6
153700,,,ASH_COATED_OSMIUM,XIRECS,9996.0,5
153800,,,ASH_COATED_OSMIUM,XIRECS,9996.0,5
157600,,,ASH_COATED_OSMIUM,XIRECS,9999.0,5
166700,,,ASH_COATED_OSMIUM,XIRECS,10016.0,6
167900,,,ASH_COATED_OSMIUM,XIRECS,10014.0,4
168000,,,ASH_COATED_OSMIUM,XIRECS,9998.0,8
168600,,,ASH_COATED_OSMIUM,XIRECS,9995.0,6
169500,,,ASH_COATED_OSMIUM,XIRECS,10013.0,5
171200,,,ASH_COATED_OSMIUM,XIRECS,9998.0,3
172200,,,ASH_COATED_OSMIUM,XIRECS,9995.0,2
180500,,,ASH_COATED_OSMIUM,XIRECS,10001.0,2
180600,,,ASH_COATED_OSMIUM,XIRECS,10001.0,5
186800,,,ASH_COATED_OSMIUM,XIRECS,10015.0,5
187700,,,ASH_COATED_OSMIUM,XIRECS,9999.0,2
191200,,,ASH_COATED_OSMIUM,XIRECS,10013.0,10
192800,,,ASH_COATED_OSMIUM,XIRECS,10013.0,3
193800,,,ASH_COATED_OSMIUM,XIRECS,9997.0,3
194400,,,ASH_COATED_OSMIUM,XIRECS,9997.0,4
198500,,,ASH_COATED_OSMIUM,XIRECS,10014.0,2
202000,,,ASH_COATED_OSMIUM,XIRECS,9996.0,2
204900,,,ASH_COATED_OSMIUM,XIRECS,10010.0,9
205800,,,ASH_COATED_OSMIUM,XIRECS,9999.0,5
207200,,,ASH_COATED_OSMIUM,XIRECS,10008.0,2
209800,,,ASH_COATED_OSMIUM,XIRECS,9989.0,9
210100,,,ASH_COATED_OSMIUM,XIRECS,10006.0,3
211000,,,ASH_COATED_OSMIUM,XIRECS,9990.0,8
212000,,,ASH_COATED_OSMIUM,XIRECS,9990.0,7
213500,,,ASH_COATED_OSMIUM,XIRECS,10005.0,5
214400,,,ASH_COATED_OSMIUM,XIRECS,9988.0,8
214600,,,ASH_COATED_OSMIUM,XIRECS,10007.0,6
219100,,,ASH_COATED_OSMIUM,XIRECS,9993.0,5
221300,,,ASH_COATED_OSMIUM,XIRECS,10009.0,10
224700,,,ASH_COATED_OSMIUM,XIRECS,9992.0,7
226400,,,ASH_COATED_OSMIUM,XIRECS,9991.0,5
230100,,,ASH_COATED_OSMIUM,XIRECS,10007.0,4
230600,,,ASH_COATED_OSMIUM,XIRECS,10008.0,7
233600,,,ASH_COATED_OSMIUM,XIRECS,9990.0,7
234200,,,ASH_COATED_OSMIUM,XIRECS,9989.0,6
235100,,,ASH_COATED_OSMIUM,XIRECS,10005.0,6
235800,,,ASH_COATED_OSMIUM,XIRECS,10004.0,5
238200,,,ASH_COATED_OSMIUM,XIRECS,9986.0,8
246200,,,ASH_COATED_OSMIUM,XIRECS,9986.0,3
249400,,,ASH_COATED_OSMIUM,XIRECS,9985.0,6
251000,,,ASH_COATED_OSMIUM,XIRECS,9985.0,4
251900,,,ASH_COATED_OSMIUM,XIRECS,10002.0,3
253600,,,ASH_COATED_OSMIUM,XIRECS,9985.0,3
255700,,,ASH_COATED_OSMIUM,XIRECS,10002.0,4
256000,,,ASH_COATED_OSMIUM,XIRECS,10003.0,5
257900,,,ASH_COATED_OSMIUM,XIRECS,10003.0,7
258200,,,ASH_COATED_OSMIUM,XIRECS,10003.0,3
258500,,,ASH_COATED_OSMIUM,XIRECS,9988.0,9
262400,,,ASH_COATED_OSMIUM,XIRECS,10007.0,10
266300,,,ASH_COATED_OSMIUM,XIRECS,10010.0,3
267000,,,ASH_COATED_OSMIUM,XIRECS,10009.0,5
268400,,,ASH_COATED_OSMIUM,XIRECS,9993.0,7
272000,,,ASH_COATED_OSMIUM,XIRECS,10014.0,3
273000,,,ASH_COATED_OSMIUM,XIRECS,9996.0,6
274000,,,ASH_COATED_OSMIUM,XIRECS,10011.0,3
276900,,,ASH_COATED_OSMIUM,XIRECS,10010.0,5
280600,,,ASH_COATED_OSMIUM,XIRECS,9994.0,6
282800,,,ASH_COATED_OSMIUM,XIRECS,9992.0,8
285700,,,ASH_COATED_OSMIUM,XIRECS,9997.0,10
287000,,,ASH_COATED_OSMIUM,XIRECS,10006.0,2
292000,,,ASH_COATED_OSMIUM,XIRECS,9991.0,7
293700,,,ASH_COATED_OSMIUM,XIRECS,10010.0,4
295400,,,ASH_COATED_OSMIUM,XIRECS,10008.0,10
298500,,,ASH_COATED_OSMIUM,XIRECS,10015.0,6
299900,,,ASH_COATED_OSMIUM,XIRECS,9996.0,4
302600,,,ASH_COATED_OSMIUM,XIRECS,10012.0,2
303200,,,ASH_COATED_OSMIUM,XIRECS,10010.0,8
305000,,,ASH_COATED_OSMIUM,XIRECS,9999.0,5
311500,,,ASH_COATED_OSMIUM,XIRECS,9993.0,10
313100,,,ASH_COATED_OSMIUM,XIRECS,10011.0,5
315300,,,ASH_COATED_OSMIUM,XIRECS,9995.0,5
318600,,,ASH_COATED_OSMIUM,XIRECS,9993.0,5
320400,,,ASH_COATED_OSMIUM,XIRECS,10015.0,7
321800,,,ASH_COATED_OSMIUM,XIRECS,9995.0,10
323700,,,ASH_COATED_OSMIUM,XIRECS,9995.0,6
325600,,,ASH_COATED_OSMIUM,XIRECS,9993.0,6
332900,,,ASH_COATED_OSMIUM,XIRECS,9995.0,5
335800,,,ASH_COATED_OSMIUM,XIRECS,9994.0,10
337100,,,ASH_COATED_OSMIUM,XIRECS,10012.0,8
340500,,,ASH_COATED_OSMIUM,XIRECS,10009.0,4
342900,,,ASH_COATED_OSMIUM,XIRECS,9995.0,9
350000,,,ASH_COATED_OSMIUM,XIRECS,10009.0,3
351800,,,ASH_COATED_OSMIUM,XIRECS,10010.0,5
352200,,,ASH_COATED_OSMIUM,XIRECS,9995.0,4
354400,,,ASH_COATED_OSMIUM,XIRECS,10010.0,3
360900,,,ASH_COATED_OSMIUM,XIRECS,10010.0,5
366200,,,ASH_COATED_OSMIUM,XIRECS,10012.0,5
366200,,,ASH_COATED_OSMIUM,XIRECS,10012.0,7
368900,,,ASH_COATED_OSMIUM,XIRECS,9999.0,5
376000,,,ASH_COATED_OSMIUM,XIRECS,10011.0,2
379500,,,ASH_COATED_OSMIUM,XIRECS,9993.0,9
379800,,,ASH_COATED_OSMIUM,XIRECS,9995.0,8
380200,,,ASH_COATED_OSMIUM,XIRECS,9994.0,5
380400,,,ASH_COATED_OSMIUM,XIRECS,9994.0,6
383300,,,ASH_COATED_OSMIUM,XIRECS,10009.0,8
384100,,,ASH_COATED_OSMIUM,XIRECS,9993.0,3
384800,,,ASH_COATED_OSMIUM,XIRECS,9993.0,7
388200,,,ASH_COATED_OSMIUM,XIRECS,10011.0,10
388500,,,ASH_COATED_OSMIUM,XIRECS,10011.0,7
389500,,,ASH_COATED_OSMIUM,XIRECS,9992.0,2
392200,,,ASH_COATED_OSMIUM,XIRECS,9992.0,4
398600,,,ASH_COATED_OSMIUM,XIRECS,10012.0,9
399300,,,ASH_COATED_OSMIUM,XIRECS,10011.0,5
401200,,,ASH_COATED_OSMIUM,XIRECS,10012.0,5
405700,,,ASH_COATED_OSMIUM,XIRECS,9993.0,6
407200,,,ASH_COATED_OSMIUM,XIRECS,10011.0,4
408200,,,ASH_COATED_OSMIUM,XIRECS,9992.0,6
409000,,,ASH_COATED_OSMIUM,XIRECS,9994.0,2
410100,,,ASH_COATED_OSMIUM,XIRECS,10010.0,3
410200,,,ASH_COATED_OSMIUM,XIRECS,10013.0,5
412500,,,ASH_COATED_OSMIUM,XIRECS,9992.0,7
413900,,,ASH_COATED_OSMIUM,XIRECS,10012.0,5
416000,,,ASH_COATED_OSMIUM,XIRECS,9999.0,2
422200,,,ASH_COATED_OSMIUM,XIRECS,10009.0,6
423200,,,ASH_COATED_OSMIUM,XIRECS,9993.0,6
424000,,,ASH_COATED_OSMIUM,XIRECS,10007.0,8
425300,,,ASH_COATED_OSMIUM,XIRECS,10008.0,4
425600,,,ASH_COATED_OSMIUM,XIRECS,10006.0,8
426000,,,ASH_COATED_OSMIUM,XIRECS,10007.0,7
430500,,,ASH_COATED_OSMIUM,XIRECS,9991.0,4
432600,,,ASH_COATED_OSMIUM,XIRECS,9991.0,6
435000,,,ASH_COATED_OSMIUM,XIRECS,10008.0,4
438900,,,ASH_COATED_OSMIUM,XIRECS,10011.0,5
439500,,,ASH_COATED_OSMIUM,XIRECS,9989.0,6
441100,,,ASH_COATED_OSMIUM,XIRECS,9993.0,3
441600,,,ASH_COATED_OSMIUM,XIRECS,10003.0,4
448900,,,ASH_COATED_OSMIUM,XIRECS,10010.0,5
454100,,,ASH_COATED_OSMIUM,XIRECS,9999.0,6
454400,,,ASH_COATED_OSMIUM,XIRECS,9999.0,8
460800,,,ASH_COATED_OSMIUM,XIRECS,9998.0,5
469200,,,ASH_COATED_OSMIUM,XIRECS,10014.0,3
470800,,,ASH_COATED_OSMIUM,XIRECS,10014.0,9
475200,,,ASH_COATED_OSMIUM,XIRECS,9995.0,6
477400,,,ASH_COATED_OSMIUM,XIRECS,10010.0,5
477900,,,ASH_COATED_OSMIUM,XIRECS,10008.0,3
478200,,,ASH_COATED_OSMIUM,XIRECS,10008.0,3
484300,,,ASH_COATED_OSMIUM,XIRECS,9988.0,9
485200,,,ASH_COATED_OSMIUM,XIRECS,9989.0,6
486400,,,ASH_COATED_OSMIUM,XIRECS,10009.0,5
489100,,,ASH_COATED_OSMIUM,XIRECS,9994.0,6
490700,,,ASH_COATED_OSMIUM,XIRECS,9993.0,3
496300,,,ASH_COATED_OSMIUM,XIRECS,9991.0,3
498300,,,ASH_COATED_OSMIUM,XIRECS,9993.0,7
501000,,,ASH_COATED_OSMIUM,XIRECS,9992.0,2
505400,,,ASH_COATED_OSMIUM,XIRECS,10011.0,5
506500,,,ASH_COATED_OSMIUM,XIRECS,10012.0,3
506800,,,ASH_COATED_OSMIUM,XIRECS,10000.0,2
515500,,,ASH_COATED_OSMIUM,XIRECS,9997.0,6
517700,,,ASH_COATED_OSMIUM,XIRECS,10003.0,3
520900,,,ASH_COATED_OSMIUM,XIRECS,10016.0,6
521700,,,ASH_COATED_OSMIUM,XIRECS,10015.0,5
522200,,,ASH_COATED_OSMIUM,XIRECS,9998.0,5
523600,,,ASH_COATED_OSMIUM,XIRECS,9997.0,9
525500,,,ASH_COATED_OSMIUM,XIRECS,10013.0,3
526000,,,ASH_COATED_OSMIUM,XIRECS,10013.0,7
526400,,,ASH_COATED_OSMIUM,XIRECS,10013.0,5
527700,,,ASH_COATED_OSMIUM,XIRECS,9994.0,3
531200,,,ASH_COATED_OSMIUM,XIRECS,10013.0,2
533800,,,ASH_COATED_OSMIUM,XIRECS,10015.0,4
534300,,,ASH_COATED_OSMIUM,XIRECS,10001.0,6
536800,,,ASH_COATED_OSMIUM,XIRECS,10019.0,2
537400,,,ASH_COATED_OSMIUM,XIRECS,10020.0,2
541000,,,ASH_COATED_OSMIUM,XIRECS,10021.0,6
544100,,,ASH_COATED_OSMIUM,XIRECS,10007.0,7
545400,,,ASH_COATED_OSMIUM,XIRECS,10023.0,2
546100,,,ASH_COATED_OSMIUM,XIRECS,10006.0,5
548100,,,ASH_COATED_OSMIUM,XIRECS,10026.0,9
548400,,,ASH_COATED_OSMIUM,XIRECS,10003.0,4
553700,,,ASH_COATED_OSMIUM,XIRECS,10003.0,5
557200,,,ASH_COATED_OSMIUM,XIRECS,10019.0,6
557600,,,ASH_COATED_OSMIUM,XIRECS,10021.0,6
560100,,,ASH_COATED_OSMIUM,XIRECS,10019.0,6
563900,,,ASH_COATED_OSMIUM,XIRECS,10000.0,3
564300,,,ASH_COATED_OSMIUM,XIRECS,10018.0,3
566300,,,ASH_COATED_OSMIUM,XIRECS,10018.0,5
567200,,,ASH_COATED_OSMIUM,XIRECS,10019.0,5
568500,,,ASH_COATED_OSMIUM,XIRECS,10012.0,5
573800,,,ASH_COATED_OSMIUM,XIRECS,10019.0,6
574600,,,ASH_COATED_OSMIUM,XIRECS,10001.0,9
575200,,,ASH_COATED_OSMIUM,XIRECS,10017.0,2
576900,,,ASH_COATED_OSMIUM,XIRECS,10000.0,10
579000,,,ASH_COATED_OSMIUM,XIRECS,10000.0,9
579400,,,ASH_COATED_OSMIUM,XIRECS,10016.0,5
580300,,,ASH_COATED_OSMIUM,XIRECS,10017.0,3
581300,,,ASH_COATED_OSMIUM,XIRECS,10000.0,4
583100,,,ASH_COATED_OSMIUM,XIRECS,9998.0,4
586600,,,ASH_COATED_OSMIUM,XIRECS,10015.0,6
587200,,,ASH_COATED_OSMIUM,XIRECS,9997.0,5
589200,,,ASH_COATED_OSMIUM,XIRECS,9994.0,2
591500,,,ASH_COATED_OSMIUM,XIRECS,10013.0,10
596200,,,ASH_COATED_OSMIUM,XIRECS,10014.0,7
603100,,,ASH_COATED_OSMIUM,XIRECS,10015.0,9
604700,,,ASH_COATED_OSMIUM,XIRECS,10013.0,6
607300,,,ASH_COATED_OSMIUM,XIRECS,9996.0,3
608300,,,ASH_COATED_OSMIUM,XIRECS,10011.0,8
609600,,,ASH_COATED_OSMIUM,XIRECS,10009.0,6
615100,,,ASH_COATED_OSMIUM,XIRECS,9993.0,3
616100,,,ASH_COATED_OSMIUM,XIRECS,10007.0,2
618800,,,ASH_COATED_OSMIUM,XIRECS,10009.0,10
619900,,,ASH_COATED_OSMIUM,XIRECS,9994.0,5
623900,,,ASH_COATED_OSMIUM,XIRECS,10014.0,3
624100,,,ASH_COATED_OSMIUM,XIRECS,9995.0,4
626000,,,ASH_COATED_OSMIUM,XIRECS,9993.0,2
626400,,,ASH_COATED_OSMIUM,XIRECS,10002.0,3
626700,,,ASH_COATED_OSMIUM,XIRECS,10008.0,4
630100,,,ASH_COATED_OSMIUM,XIRECS,10009.0,2
631200,,,ASH_COATED_OSMIUM,XIRECS,10010.0,9
632400,,,ASH_COATED_OSMIUM,XIRECS,9994.0,5
633900,,,ASH_COATED_OSMIUM,XIRECS,10004.0,2
634300,,,ASH_COATED_OSMIUM,XIRECS,10011.0,6
635100,,,ASH_COATED_OSMIUM,XIRECS,10010.0,6
638000,,,ASH_COATED_OSMIUM,XIRECS,10013.0,4
639500,,,ASH_COATED_OSMIUM,XIRECS,9995.0,7
639600,,,ASH_COATED_OSMIUM,XIRECS,9996.0,4
649200,,,ASH_COATED_OSMIUM,XIRECS,9999.0,3
649900,,,ASH_COATED_OSMIUM,XIRECS,9991.0,4
654200,,,ASH_COATED_OSMIUM,XIRECS,9990.0,5
654400,,,ASH_COATED_OSMIUM,XIRECS,9991.0,3
656900,,,ASH_COATED_OSMIUM,XIRECS,9996.0,5
657900,,,ASH_COATED_OSMIUM,XIRECS,10007.0,10
660600,,,ASH_COATED_OSMIUM,XIRECS,9984.0,6
665200,,,ASH_COATED_OSMIUM,XIRECS,9999.0,5
665700,,,ASH_COATED_OSMIUM,XIRECS,10000.0,8
667500,,,ASH_COATED_OSMIUM,XIRECS,9984.0,4
668100,,,ASH_COATED_OSMIUM,XIRECS,10000.0,3
670500,,,ASH_COATED_OSMIUM,XIRECS,10003.0,2
670800,,,ASH_COATED_OSMIUM,XIRECS,9987.0,9
674800,,,ASH_COATED_OSMIUM,XIRECS,10005.0,7
676700,,,ASH_COATED_OSMIUM,XIRECS,9984.0,5
680300,,,ASH_COATED_OSMIUM,XIRECS,9987.0,6
681500,,,ASH_COATED_OSMIUM,XIRECS,9983.0,3
682900,,,ASH_COATED_OSMIUM,XIRECS,10003.0,7
684100,,,ASH_COATED_OSMIUM,XIRECS,9987.0,8
684700,,,ASH_COATED_OSMIUM,XIRECS,9985.0,3
690800,,,ASH_COATED_OSMIUM,XIRECS,9983.0,5
693100,,,ASH_COATED_OSMIUM,XIRECS,10001.0,4
694700,,,ASH_COATED_OSMIUM,XIRECS,10001.0,8
696600,,,ASH_COATED_OSMIUM,XIRECS,10001.0,3
699600,,,ASH_COATED_OSMIUM,XIRECS,9997.0,9
708200,,,ASH_COATED_OSMIUM,XIRECS,9998.0,5
709600,,,ASH_COATED_OSMIUM,XIRECS,9999.0,2
709800,,,ASH_COATED_OSMIUM,XIRECS,9997.0,5
710100,,,ASH_COATED_OSMIUM,XIRECS,9997.0,7
721400,,,ASH_COATED_OSMIUM,XIRECS,9997.0,4
724600,,,ASH_COATED_OSMIUM,XIRECS,9995.0,2
728100,,,ASH_COATED_OSMIUM,XIRECS,9999.0,10
728400,,,ASH_COATED_OSMIUM,XIRECS,10000.0,9
729300,,,ASH_COATED_OSMIUM,XIRECS,10000.0,8
730000,,,ASH_COATED_OSMIUM,XIRECS,9999.0,2
731100,,,ASH_COATED_OSMIUM,XIRECS,9983.0,5
731200,,,ASH_COATED_OSMIUM,XIRECS,9983.0,7
732000,,,ASH_COATED_OSMIUM,XIRECS,9982.0,6
739900,,,ASH_COATED_OSMIUM,XIRECS,9981.0,4
743700,,,ASH_COATED_OSMIUM,XIRECS,9984.0,2
743700,,,ASH_COATED_OSMIUM,XIRECS,10003.0,8
745000,,,ASH_COATED_OSMIUM,XIRECS,10001.0,6
753500,,,ASH_COATED_OSMIUM,XIRECS,9988.0,7
755400,,,ASH_COATED_OSMIUM,XIRECS,9989.0,3
755800,,,ASH_COATED_OSMIUM,XIRECS,9989.0,2
756200,,,ASH_COATED_OSMIUM,XIRECS,9989.0,9
757100,,,ASH_COATED_OSMIUM,XIRECS,10006.0,6
759600,,,ASH_COATED_OSMIUM,XIRECS,10006.0,3
762600,,,ASH_COATED_OSMIUM,XIRECS,9990.0,7
765700,,,ASH_COATED_OSMIUM,XIRECS,9989.0,6
767500,,,ASH_COATED_OSMIUM,XIRECS,9995.0,3
767600,,,ASH_COATED_OSMIUM,XIRECS,10006.0,10
769400,,,ASH_COATED_OSMIUM,XIRECS,9991.0,6
769500,,,ASH_COATED_OSMIUM,XIRECS,9990.0,7
770200,,,ASH_COATED_OSMIUM,XIRECS,9988.0,5
773600,,,ASH_COATED_OSMIUM,XIRECS,9992.0,5
779300,,,ASH_COATED_OSMIUM,XIRECS,9988.0,4
780200,,,ASH_COATED_OSMIUM,XIRECS,9987.0,4
780800,,,ASH_COATED_OSMIUM,XIRECS,10006.0,6
781500,,,ASH_COATED_OSMIUM,XIRECS,10008.0,3
782400,,,ASH_COATED_OSMIUM,XIRECS,9987.0,4
782700,,,ASH_COATED_OSMIUM,XIRECS,10004.0,6
783400,,,ASH_COATED_OSMIUM,XIRECS,10005.0,2
784600,,,ASH_COATED_OSMIUM,XIRECS,10006.0,4
787100,,,ASH_COATED_OSMIUM,XIRECS,10008.0,4
788800,,,ASH_COATED_OSMIUM,XIRECS,9989.0,6
793200,,,ASH_COATED_OSMIUM,XIRECS,10005.0,4
794800,,,ASH_COATED_OSMIUM,XIRECS,9990.0,5
797200,,,ASH_COATED_OSMIUM,XIRECS,10004.0,10
797300,,,ASH_COATED_OSMIUM,XIRECS,10004.0,6
798000,,,ASH_COATED_OSMIUM,XIRECS,10006.0,3
802800,,,ASH_COATED_OSMIUM,XIRECS,10006.0,5
803300,,,ASH_COATED_OSMIUM,XIRECS,10006.0,10
804000,,,ASH_COATED_OSMIUM,XIRECS,9987.0,3
804400,,,ASH_COATED_OSMIUM,XIRECS,10009.0,4
805400,,,ASH_COATED_OSMIUM,XIRECS,10006.0,2
808300,,,ASH_COATED_OSMIUM,XIRECS,10010.0,5
808600,,,ASH_COATED_OSMIUM,XIRECS,9993.0,2
809300,,,ASH_COATED_OSMIUM,XIRECS,10011.0,5
812300,,,ASH_COATED_OSMIUM,XIRECS,9991.0,2
812600,,,ASH_COATED_OSMIUM,XIRECS,10010.0,2
814300,,,ASH_COATED_OSMIUM,XIRECS,9994.0,5
815000,,,ASH_COATED_OSMIUM,XIRECS,9994.0,4
821100,,,ASH_COATED_OSMIUM,XIRECS,9995.0,9
830800,,,ASH_COATED_OSMIUM,XIRECS,9995.0,9
831100,,,ASH_COATED_OSMIUM,XIRECS,10012.0,4
842100,,,ASH_COATED_OSMIUM,XIRECS,10012.0,5
843800,,,ASH_COATED_OSMIUM,XIRECS,10013.0,4
852800,,,ASH_COATED_OSMIUM,XIRECS,10007.0,5
853100,,,ASH_COATED_OSMIUM,XIRECS,9996.0,5
854000,,,ASH_COATED_OSMIUM,XIRECS,10014.0,6
856500,,,ASH_COATED_OSMIUM,XIRECS,9992.0,5
860600,,,ASH_COATED_OSMIUM,XIRECS,9992.0,2
861400,,,ASH_COATED_OSMIUM,XIRECS,9993.0,4
861600,,,ASH_COATED_OSMIUM,XIRECS,10009.0,2
864000,,,ASH_COATED_OSMIUM,XIRECS,10007.0,3
864600,,,ASH_COATED_OSMIUM,XIRECS,9990.0,3
871900,,,ASH_COATED_OSMIUM,XIRECS,10009.0,5
872600,,,ASH_COATED_OSMIUM,XIRECS,9991.0,3
875700,,,ASH_COATED_OSMIUM,XIRECS,9988.0,10
880100,,,ASH_COATED_OSMIUM,XIRECS,9992.0,3
881300,,,ASH_COATED_OSMIUM,XIRECS,9991.0,4
882400,,,ASH_COATED_OSMIUM,XIRECS,10007.0,5
883800,,,ASH_COATED_OSMIUM,XIRECS,10006.0,5
885400,,,ASH_COATED_OSMIUM,XIRECS,9988.0,2
885600,,,ASH_COATED_OSMIUM,XIRECS,10006.0,4
890500,,,ASH_COATED_OSMIUM,XIRECS,9988.0,5
891900,,,ASH_COATED_OSMIUM,XIRECS,10008.0,6
892800,,,ASH_COATED_OSMIUM,XIRECS,9989.0,6
903100,,,ASH_COATED_OSMIUM,XIRECS,10011.0,10
908600,,,ASH_COATED_OSMIUM,XIRECS,10006.0,4
920200,,,ASH_COATED_OSMIUM,XIRECS,10003.0,4
922300,,,ASH_COATED_OSMIUM,XIRECS,10001.0,6
923500,,,ASH_COATED_OSMIUM,XIRECS,10017.0,8
924900,,,ASH_COATED_OSMIUM,XIRECS,10000.0,2
924900,,,ASH_COATED_OSMIUM,XIRECS,10016.0,5
927400,,,ASH_COATED_OSMIUM,XIRECS,9996.0,9
928900,,,ASH_COATED_OSMIUM,XIRECS,10015.0,2
929200,,,ASH_COATED_OSMIUM,XIRECS,10004.0,4
930200,,,ASH_COATED_OSMIUM,XIRECS,9997.0,3
933000,,,ASH_COATED_OSMIUM,XIRECS,10017.0,9
934300,,,ASH_COATED_OSMIUM,XIRECS,10015.0,2
941400,,,ASH_COATED_OSMIUM,XIRECS,10014.0,6
942800,,,ASH_COATED_OSMIUM,XIRECS,10013.0,6
944500,,,ASH_COATED_OSMIUM,XIRECS,10015.0,10
950000,,,ASH_COATED_OSMIUM,XIRECS,10019.0,4
964900,,,ASH_COATED_OSMIUM,XIRECS,10004.0,2
966200,,,ASH_COATED_OSMIUM,XIRECS,10003.0,5
972600,,,ASH_COATED_OSMIUM,XIRECS,10002.0,3
974300,,,ASH_COATED_OSMIUM,XIRECS,10018.0,4
980200,,,ASH_COATED_OSMIUM,XIRECS,10000.0,4
987400,,,ASH_COATED_OSMIUM,XIRECS,10016.0,9
990400,,,ASH_COATED_OSMIUM,XIRECS,10006.0,2
991600,,,ASH_COATED_OSMIUM,XIRECS,10018.0,5
993100,,,ASH_COATED_OSMIUM,XIRECS,10017.0,3
993400,,,ASH_COATED_OSMIUM,XIRECS,10000.0,3
998000,,,ASH_COATED_OSMIUM,XIRECS,10000.0,6
998400,,,ASH_COATED_OSMIUM,XIRECS,9999.0,5
2800,,,ASH_COATED_OSMIUM,XIRECS,9985.0,10
5200,,,ASH_COATED_OSMIUM,XIRECS,10004.0,6
5200,,,ASH_COATED_OSMIUM,XIRECS,9986.0,9
7500,,,ASH_COATED_OSMIUM,XIRECS,10003.0,6
9000,,,ASH_COATED_OSMIUM,XIRECS,10004.0,10
13000,,,ASH_COATED_OSMIUM,XIRECS,10005.0,2
14600,,,ASH_COATED_OSMIUM,XIRECS,10007.0,5
14900,,,ASH_COATED_OSMIUM,XIRECS,10007.0,5
16600,,,ASH_COATED_OSMIUM,XIRECS,9992.0,2
17200,,,ASH_COATED_OSMIUM,XIRECS,9994.0,5
18700,,,ASH_COATED_OSMIUM,XIRECS,9998.0,5
19300,,,ASH_COATED_OSMIUM,XIRECS,10008.0,3
20900,,,ASH_COATED_OSMIUM,XIRECS,9992.0,2
21500,,,ASH_COATED_OSMIUM,XIRECS,10008.0,6
23100,,,ASH_COATED_OSMIUM,XIRECS,10010.0,5
25300,,,ASH_COATED_OSMIUM,XIRECS,10008.0,6
25900,,,ASH_COATED_OSMIUM,XIRECS,10009.0,6
26300,,,ASH_COATED_OSMIUM,XIRECS,10008.0,9
35900,,,ASH_COATED_OSMIUM,XIRECS,9992.0,2
44700,,,ASH_COATED_OSMIUM,XIRECS,10008.0,5
46700,,,ASH_COATED_OSMIUM,XIRECS,9992.0,6
47600,,,ASH_COATED_OSMIUM,XIRECS,9993.0,4
50300,,,ASH_COATED_OSMIUM,XIRECS,10008.0,4
51200,,,ASH_COATED_OSMIUM,XIRECS,10006.0,7
51700,,,ASH_COATED_OSMIUM,XIRECS,10009.0,2
52800,,,ASH_COATED_OSMIUM,XIRECS,9990.0,5
54200,,,ASH_COATED_OSMIUM,XIRECS,10004.0,6
56500,,,ASH_COATED_OSMIUM,XIRECS,10005.0,6
57200,,,ASH_COATED_OSMIUM,XIRECS,10001.0,3
57700,,,ASH_COATED_OSMIUM,XIRECS,9996.0,8
58000,,,ASH_COATED_OSMIUM,XIRECS,10006.0,3
62000,,,ASH_COATED_OSMIUM,XIRECS,9989.0,3
62400,,,ASH_COATED_OSMIUM,XIRECS,9991.0,2
69900,,,ASH_COATED_OSMIUM,XIRECS,9991.0,8
71300,,,ASH_COATED_OSMIUM,XIRECS,10007.0,6
74000,,,ASH_COATED_OSMIUM,XIRECS,9993.0,3
74200,,,ASH_COATED_OSMIUM,XIRECS,9991.0,2
75700,,,ASH_COATED_OSMIUM,XIRECS,10010.0,4
76600,,,ASH_COATED_OSMIUM,XIRECS,10010.0,4
76900,,,ASH_COATED_OSMIUM,XIRECS,10010.0,4
77300,,,ASH_COATED_OSMIUM,XIRECS,9993.0,5
78000,,,ASH_COATED_OSMIUM,XIRECS,10011.0,2
88400,,,ASH_COATED_OSMIUM,XIRECS,10010.0,4
89700,,,ASH_COATED_OSMIUM,XIRECS,10013.0,8
98200,,,ASH_COATED_OSMIUM,XIRECS,10007.0,9
100500,,,ASH_COATED_OSMIUM,XIRECS,9990.0,5
101100,,,ASH_COATED_OSMIUM,XIRECS,9990.0,2
101900,,,ASH_COATED_OSMIUM,XIRECS,10006.0,6
102000,,,ASH_COATED_OSMIUM,XIRECS,9988.0,2
103000,,,ASH_COATED_OSMIUM,XIRECS,9992.0,5
104800,,,ASH_COATED_OSMIUM,XIRECS,9992.0,6
117400,,,ASH_COATED_OSMIUM,XIRECS,10007.0,9
118100,,,ASH_COATED_OSMIUM,XIRECS,9991.0,3
123500,,,ASH_COATED_OSMIUM,XIRECS,10008.0,6
125500,,,ASH_COATED_OSMIUM,XIRECS,9988.0,10
126600,,,ASH_COATED_OSMIUM,XIRECS,9988.0,6
128900,,,ASH_COATED_OSMIUM,XIRECS,9987.0,3
130100,,,ASH_COATED_OSMIUM,XIRECS,9986.0,2
130400,,,ASH_COATED_OSMIUM,XIRECS,10002.0,6
131300,,,ASH_COATED_OSMIUM,XIRECS,10003.0,10
132100,,,ASH_COATED_OSMIUM,XIRECS,9988.0,3
137700,,,ASH_COATED_OSMIUM,XIRECS,9989.0,3
141100,,,ASH_COATED_OSMIUM,XIRECS,9991.0,3
145800,,,ASH_COATED_OSMIUM,XIRECS,10009.0,10
145900,,,ASH_COATED_OSMIUM,XIRECS,10012.0,9
146600,,,ASH_COATED_OSMIUM,XIRECS,9994.0,2
146700,,,ASH_COATED_OSMIUM,XIRECS,10009.0,7
147300,,,ASH_COATED_OSMIUM,XIRECS,9993.0,6
148400,,,ASH_COATED_OSMIUM,XIRECS,9994.0,6
149000,,,ASH_COATED_OSMIUM,XIRECS,10009.0,3
152000,,,ASH_COATED_OSMIUM,XIRECS,9992.0,2
153700,,,ASH_COATED_OSMIUM,XIRECS,9994.0,5
160700,,,ASH_COATED_OSMIUM,XIRECS,10008.0,7
161400,,,ASH_COATED_OSMIUM,XIRECS,10009.0,9
161900,,,ASH_COATED_OSMIUM,XIRECS,9993.0,6
169400,,,ASH_COATED_OSMIUM,XIRECS,9989.0,2
175500,,,ASH_COATED_OSMIUM,XIRECS,9993.0,6
176900,,,ASH_COATED_OSMIUM,XIRECS,9992.0,2
182500,,,ASH_COATED_OSMIUM,XIRECS,9994.0,10
184500,,,ASH_COATED_OSMIUM,XIRECS,10011.0,6
191400,,,ASH_COATED_OSMIUM,XIRECS,9996.0,6
191600,,,ASH_COATED_OSMIUM,XIRECS,9996.0,6
193500,,,ASH_COATED_OSMIUM,XIRECS,10002.0,3
193700,,,ASH_COATED_OSMIUM,XIRECS,9994.0,3
203200,,,ASH_COATED_OSMIUM,XIRECS,9991.0,6
206100,,,ASH_COATED_OSMIUM,XIRECS,10009.0,4
207700,,,ASH_COATED_OSMIUM,XIRECS,9990.0,5
208500,,,ASH_COATED_OSMIUM,XIRECS,10009.0,4
216000,,,ASH_COATED_OSMIUM,XIRECS,10008.0,4
218000,,,ASH_COATED_OSMIUM,XIRECS,9995.0,3
218600,,,ASH_COATED_OSMIUM,XIRECS,10010.0,4
219900,,,ASH_COATED_OSMIUM,XIRECS,9991.0,6
221000,,,ASH_COATED_OSMIUM,XIRECS,9995.0,8
221700,,,ASH_COATED_OSMIUM,XIRECS,10011.0,10
222000,,,ASH_COATED_OSMIUM,XIRECS,10011.0,4
228800,,,ASH_COATED_OSMIUM,XIRECS,9993.0,3
232900,,,ASH_COATED_OSMIUM,XIRECS,10011.0,3
235800,,,ASH_COATED_OSMIUM,XIRECS,10013.0,3
236300,,,ASH_COATED_OSMIUM,XIRECS,10010.0,4
239500,,,ASH_COATED_OSMIUM,XIRECS,10011.0,7
240800,,,ASH_COATED_OSMIUM,XIRECS,10012.0,6
241800,,,ASH_COATED_OSMIUM,XIRECS,10010.0,3
244200,,,ASH_COATED_OSMIUM,XIRECS,10010.0,5
245100,,,ASH_COATED_OSMIUM,XIRECS,10012.0,7
245800,,,ASH_COATED_OSMIUM,XIRECS,10009.0,6
246400,,,ASH_COATED_OSMIUM,XIRECS,10010.0,4
250800,,,ASH_COATED_OSMIUM,XIRECS,9992.0,5
251100,,,ASH_COATED_OSMIUM,XIRECS,10001.0,3
251700,,,ASH_COATED_OSMIUM,XIRECS,9992.0,10
253300,,,ASH_COATED_OSMIUM,XIRECS,9992.0,7
262200,,,ASH_COATED_OSMIUM,XIRECS,9994.0,2
262300,,,ASH_COATED_OSMIUM,XIRECS,10010.0,3
262400,,,ASH_COATED_OSMIUM,XIRECS,10010.0,6
264100,,,ASH_COATED_OSMIUM,XIRECS,10010.0,6
264200,,,ASH_COATED_OSMIUM,XIRECS,10009.0,5
273500,,,ASH_COATED_OSMIUM,XIRECS,9999.0,4
274200,,,ASH_COATED_OSMIUM,XIRECS,9989.0,6
277500,,,ASH_COATED_OSMIUM,XIRECS,10005.0,5
279800,,,ASH_COATED_OSMIUM,XIRECS,9992.0,4
280500,,,ASH_COATED_OSMIUM,XIRECS,10006.0,5
280700,,,ASH_COATED_OSMIUM,XIRECS,10008.0,5
285200,,,ASH_COATED_OSMIUM,XIRECS,10007.0,6
288100,,,ASH_COATED_OSMIUM,XIRECS,9989.0,5
288700,,,ASH_COATED_OSMIUM,XIRECS,9989.0,10
290500,,,ASH_COATED_OSMIUM,XIRECS,9988.0,6
291800,,,ASH_COATED_OSMIUM,XIRECS,9986.0,6
302900,,,ASH_COATED_OSMIUM,XIRECS,9993.0,7
306200,,,ASH_COATED_OSMIUM,XIRECS,9992.0,9
307800,,,ASH_COATED_OSMIUM,XIRECS,10011.0,6
308100,,,ASH_COATED_OSMIUM,XIRECS,9995.0,3
310200,,,ASH_COATED_OSMIUM,XIRECS,9996.0,7
310300,,,ASH_COATED_OSMIUM,XIRECS,10002.0,5
311400,,,ASH_COATED_OSMIUM,XIRECS,9996.0,7
312600,,,ASH_COATED_OSMIUM,XIRECS,10012.0,2
312900,,,ASH_COATED_OSMIUM,XIRECS,10001.0,5
315000,,,ASH_COATED_OSMIUM,XIRECS,10012.0,5
315300,,,ASH_COATED_OSMIUM,XIRECS,9997.0,9
320700,,,ASH_COATED_OSMIUM,XIRECS,10013.0,10
324600,,,ASH_COATED_OSMIUM,XIRECS,9999.0,3
325900,,,ASH_COATED_OSMIUM,XIRECS,10018.0,3
329600,,,ASH_COATED_OSMIUM,XIRECS,10016.0,3
329700,,,ASH_COATED_OSMIUM,XIRECS,10016.0,2
329900,,,ASH_COATED_OSMIUM,XIRECS,10000.0,8
331400,,,ASH_COATED_OSMIUM,XIRECS,10000.0,5
335700,,,ASH_COATED_OSMIUM,XIRECS,10016.0,7
336000,,,ASH_COATED_OSMIUM,XIRECS,10016.0,5
337000,,,ASH_COATED_OSMIUM,XIRECS,10019.0,10
337400,,,ASH_COATED_OSMIUM,XIRECS,10015.0,2
348700,,,ASH_COATED_OSMIUM,XIRECS,10013.0,8
349700,,,ASH_COATED_OSMIUM,XIRECS,9992.0,6
352100,,,ASH_COATED_OSMIUM,XIRECS,10011.0,4
352300,,,ASH_COATED_OSMIUM,XIRECS,10011.0,2
353900,,,ASH_COATED_OSMIUM,XIRECS,9993.0,5
354300,,,ASH_COATED_OSMIUM,XIRECS,9989.0,5
355200,,,ASH_COATED_OSMIUM,XIRECS,10007.0,7
356300,,,ASH_COATED_OSMIUM,XIRECS,9998.0,4
356400,,,ASH_COATED_OSMIUM,XIRECS,9992.0,5
358000,,,ASH_COATED_OSMIUM,XIRECS,9997.0,4
358400,,,ASH_COATED_OSMIUM,XIRECS,10007.0,10
359000,,,ASH_COATED_OSMIUM,XIRECS,10008.0,3
359900,,,ASH_COATED_OSMIUM,XIRECS,9992.0,9
368500,,,ASH_COATED_OSMIUM,XIRECS,9993.0,3
374200,,,ASH_COATED_OSMIUM,XIRECS,9993.0,10
374400,,,ASH_COATED_OSMIUM,XIRECS,10009.0,8
375600,,,ASH_COATED_OSMIUM,XIRECS,10008.0,4
377100,,,ASH_COATED_OSMIUM,XIRECS,10008.0,6
377300,,,ASH_COATED_OSMIUM,XIRECS,10009.0,8
379500,,,ASH_COATED_OSMIUM,XIRECS,10013.0,10
380900,,,ASH_COATED_OSMIUM,XIRECS,9996.0,4
386500,,,ASH_COATED_OSMIUM,XIRECS,10011.0,5
388100,,,ASH_COATED_OSMIUM,XIRECS,9994.0,8
390900,,,ASH_COATED_OSMIUM,XIRECS,9995.0,2
393600,,,ASH_COATED_OSMIUM,XIRECS,9997.0,10
395100,,,ASH_COATED_OSMIUM,XIRECS,9999.0,2
399200,,,ASH_COATED_OSMIUM,XIRECS,9999.0,4
400700,,,ASH_COATED_OSMIUM,XIRECS,10015.0,4
405700,,,ASH_COATED_OSMIUM,XIRECS,10010.0,4
406300,,,ASH_COATED_OSMIUM,XIRECS,9992.0,7
407500,,,ASH_COATED_OSMIUM,XIRECS,10012.0,5
407600,,,ASH_COATED_OSMIUM,XIRECS,10009.0,8
408000,,,ASH_COATED_OSMIUM,XIRECS,10009.0,2
411700,,,ASH_COATED_OSMIUM,XIRECS,9993.0,10
413100,,,ASH_COATED_OSMIUM,XIRECS,10010.0,7
415200,,,ASH_COATED_OSMIUM,XIRECS,10012.0,5
418300,,,ASH_COATED_OSMIUM,XIRECS,10009.0,5
423400,,,ASH_COATED_OSMIUM,XIRECS,9994.0,6
423900,,,ASH_COATED_OSMIUM,XIRECS,9995.0,2
424300,,,ASH_COATED_OSMIUM,XIRECS,9994.0,6
424400,,,ASH_COATED_OSMIUM,XIRECS,9994.0,6
424900,,,ASH_COATED_OSMIUM,XIRECS,10009.0,3
426300,,,ASH_COATED_OSMIUM,XIRECS,9991.0,4
428300,,,ASH_COATED_OSMIUM,XIRECS,10010.0,5
430400,,,ASH_COATED_OSMIUM,XIRECS,10004.0,4
430900,,,ASH_COATED_OSMIUM,XIRECS,10014.0,5
433200,,,ASH_COATED_OSMIUM,XIRECS,9996.0,4
435200,,,ASH_COATED_OSMIUM,XIRECS,10013.0,6
438600,,,ASH_COATED_OSMIUM,XIRECS,9998.0,8
444300,,,ASH_COATED_OSMIUM,XIRECS,9997.0,3
454100,,,ASH_COATED_OSMIUM,XIRECS,10014.0,6
469000,,,ASH_COATED_OSMIUM,XIRECS,9993.0,2
476700,,,ASH_COATED_OSMIUM,XIRECS,10010.0,9
477600,,,ASH_COATED_OSMIUM,XIRECS,9993.0,10
483900,,,ASH_COATED_OSMIUM,XIRECS,10009.0,4
487100,,,ASH_COATED_OSMIUM,XIRECS,9994.0,3
488600,,,ASH_COATED_OSMIUM,XIRECS,9992.0,9
491600,,,ASH_COATED_OSMIUM,XIRECS,10010.0,2
492600,,,ASH_COATED_OSMIUM,XIRECS,9995.0,5
495600,,,ASH_COATED_OSMIUM,XIRECS,10013.0,6
495800,,,ASH_COATED_OSMIUM,XIRECS,9997.0,9
496100,,,ASH_COATED_OSMIUM,XIRECS,9997.0,3
497700,,,ASH_COATED_OSMIUM,XIRECS,10001.0,5
500000,,,ASH_COATED_OSMIUM,XIRECS,10011.0,5
503500,,,ASH_COATED_OSMIUM,XIRECS,9994.0,4
505900,,,ASH_COATED_OSMIUM,XIRECS,9993.0,4
506600,,,ASH_COATED_OSMIUM,XIRECS,10009.0,6
509900,,,ASH_COATED_OSMIUM,XIRECS,9995.0,2
510400,,,ASH_COATED_OSMIUM,XIRECS,9995.0,6
516600,,,ASH_COATED_OSMIUM,XIRECS,9996.0,4
519100,,,ASH_COATED_OSMIUM,XIRECS,10012.0,5
522400,,,ASH_COATED_OSMIUM,XIRECS,9995.0,5
524200,,,ASH_COATED_OSMIUM,XIRECS,10012.0,10
525200,,,ASH_COATED_OSMIUM,XIRECS,9995.0,5
527900,,,ASH_COATED_OSMIUM,XIRECS,10011.0,5
531800,,,ASH_COATED_OSMIUM,XIRECS,10013.0,5
534100,,,ASH_COATED_OSMIUM,XIRECS,9994.0,2
535800,,,ASH_COATED_OSMIUM,XIRECS,9994.0,5
536000,,,ASH_COATED_OSMIUM,XIRECS,9994.0,4
538800,,,ASH_COATED_OSMIUM,XIRECS,10006.0,5
541900,,,ASH_COATED_OSMIUM,XIRECS,10007.0,5
545000,,,ASH_COATED_OSMIUM,XIRECS,9991.0,6
547600,,,ASH_COATED_OSMIUM,XIRECS,10006.0,2
548100,,,ASH_COATED_OSMIUM,XIRECS,10009.0,4
549600,,,ASH_COATED_OSMIUM,XIRECS,10005.0,10
562200,,,ASH_COATED_OSMIUM,XIRECS,9989.0,2
564800,,,ASH_COATED_OSMIUM,XIRECS,9987.0,4
567700,,,ASH_COATED_OSMIUM,XIRECS,9989.0,4
571600,,,ASH_COATED_OSMIUM,XIRECS,10008.0,5
572700,,,ASH_COATED_OSMIUM,XIRECS,10008.0,3
573000,,,ASH_COATED_OSMIUM,XIRECS,9991.0,5
573400,,,ASH_COATED_OSMIUM,XIRECS,10007.0,3
575700,,,ASH_COATED_OSMIUM,XIRECS,10008.0,3
581000,,,ASH_COATED_OSMIUM,XIRECS,9989.0,6
582600,,,ASH_COATED_OSMIUM,XIRECS,10007.0,4
587000,,,ASH_COATED_OSMIUM,XIRECS,10008.0,6
588200,,,ASH_COATED_OSMIUM,XIRECS,10002.0,4
589500,,,ASH_COATED_OSMIUM,XIRECS,9992.0,3
592100,,,ASH_COATED_OSMIUM,XIRECS,9992.0,5
594000,,,ASH_COATED_OSMIUM,XIRECS,9989.0,6
596100,,,ASH_COATED_OSMIUM,XIRECS,9990.0,9
598000,,,ASH_COATED_OSMIUM,XIRECS,9990.0,6
605600,,,ASH_COATED_OSMIUM,XIRECS,10008.0,5
607000,,,ASH_COATED_OSMIUM,XIRECS,10008.0,2
610200,,,ASH_COATED_OSMIUM,XIRECS,9994.0,8
614900,,,ASH_COATED_OSMIUM,XIRECS,9995.0,5
618000,,,ASH_COATED_OSMIUM,XIRECS,10010.0,6
620400,,,ASH_COATED_OSMIUM,XIRECS,9994.0,6
621900,,,ASH_COATED_OSMIUM,XIRECS,9994.0,2
628200,,,ASH_COATED_OSMIUM,XIRECS,9994.0,4
628500,,,ASH_COATED_OSMIUM,XIRECS,10010.0,7
636500,,,ASH_COATED_OSMIUM,XIRECS,10013.0,6
637800,,,ASH_COATED_OSMIUM,XIRECS,10013.0,5
643800,,,ASH_COATED_OSMIUM,XIRECS,9996.0,5
644200,,,ASH_COATED_OSMIUM,XIRECS,10013.0,5
644600,,,ASH_COATED_OSMIUM,XIRECS,10013.0,8
647000,,,ASH_COATED_OSMIUM,XIRECS,10014.0,4
647400,,,ASH_COATED_OSMIUM,XIRECS,10015.0,5
649900,,,ASH_COATED_OSMIUM,XIRECS,10015.0,6
650300,,,ASH_COATED_OSMIUM,XIRECS,9996.0,9
651300,,,ASH_COATED_OSMIUM,XIRECS,10015.0,6
654500,,,ASH_COATED_OSMIUM,XIRECS,10015.0,5
656300,,,ASH_COATED_OSMIUM,XIRECS,10004.0,7
657400,,,ASH_COATED_OSMIUM,XIRECS,10016.0,5
659600,,,ASH_COATED_OSMIUM,XIRECS,10001.0,4
660400,,,ASH_COATED_OSMIUM,XIRECS,10017.0,2
660400,,,ASH_COATED_OSMIUM,XIRECS,10001.0,7
662400,,,ASH_COATED_OSMIUM,XIRECS,10001.0,5
662500,,,ASH_COATED_OSMIUM,XIRECS,10016.0,3
663100,,,ASH_COATED_OSMIUM,XIRECS,10017.0,6
663200,,,ASH_COATED_OSMIUM,XIRECS,10016.0,4
665400,,,ASH_COATED_OSMIUM,XIRECS,10001.0,8
667100,,,ASH_COATED_OSMIUM,XIRECS,10018.0,3
671500,,,ASH_COATED_OSMIUM,XIRECS,10003.0,5
673400,,,ASH_COATED_OSMIUM,XIRECS,10007.0,3
677400,,,ASH_COATED_OSMIUM,XIRECS,9999.0,8
680400,,,ASH_COATED_OSMIUM,XIRECS,10017.0,6
685300,,,ASH_COATED_OSMIUM,XIRECS,10016.0,6
689700,,,ASH_COATED_OSMIUM,XIRECS,9998.0,6
693400,,,ASH_COATED_OSMIUM,XIRECS,10014.0,8
693900,,,ASH_COATED_OSMIUM,XIRECS,10015.0,6
694100,,,ASH_COATED_OSMIUM,XIRECS,10016.0,8
694300,,,ASH_COATED_OSMIUM,XIRECS,9995.0,2
699500,,,ASH_COATED_OSMIUM,XIRECS,9996.0,6
705000,,,ASH_COATED_OSMIUM,XIRECS,10005.0,2
705600,,,ASH_COATED_OSMIUM,XIRECS,10013.0,3
706200,,,ASH_COATED_OSMIUM,XIRECS,10011.0,6
708200,,,ASH_COATED_OSMIUM,XIRECS,9995.0,10
709100,,,ASH_COATED_OSMIUM,XIRECS,10013.0,2
709900,,,ASH_COATED_OSMIUM,XIRECS,9992.0,5
710200,,,ASH_COATED_OSMIUM,XIRECS,10008.0,4
711100,,,ASH_COATED_OSMIUM,XIRECS,9990.0,3
711900,,,ASH_COATED_OSMIUM,XIRECS,10006.0,7
714600,,,ASH_COATED_OSMIUM,XIRECS,10009.0,6
718200,,,ASH_COATED_OSMIUM,XIRECS,9994.0,7
727200,,,ASH_COATED_OSMIUM,XIRECS,9991.0,9
729400,,,ASH_COATED_OSMIUM,XIRECS,10007.0,10
729500,,,ASH_COATED_OSMIUM,XIRECS,9991.0,4
729500,,,ASH_COATED_OSMIUM,XIRECS,9991.0,6
731900,,,ASH_COATED_OSMIUM,XIRECS,10008.0,5
732800,,,ASH_COATED_OSMIUM,XIRECS,10008.0,2
736300,,,ASH_COATED_OSMIUM,XIRECS,9986.0,10
740000,,,ASH_COATED_OSMIUM,XIRECS,10005.0,2
740200,,,ASH_COATED_OSMIUM,XIRECS,10005.0,9
741500,,,ASH_COATED_OSMIUM,XIRECS,10005.0,2
742300,,,ASH_COATED_OSMIUM,XIRECS,9987.0,6
744200,,,ASH_COATED_OSMIUM,XIRECS,9995.0,4
745200,,,ASH_COATED_OSMIUM,XIRECS,10000.0,10
745600,,,ASH_COATED_OSMIUM,XIRECS,9985.0,6
747500,,,ASH_COATED_OSMIUM,XIRECS,10003.0,2
753100,,,ASH_COATED_OSMIUM,XIRECS,9985.0,4
759900,,,ASH_COATED_OSMIUM,XIRECS,10001.0,6
761900,,,ASH_COATED_OSMIUM,XIRECS,10002.0,9
762800,,,ASH_COATED_OSMIUM,XIRECS,9997.0,8
765800,,,ASH_COATED_OSMIUM,XIRECS,9994.0,4
768500,,,ASH_COATED_OSMIUM,XIRECS,9993.0,2
773000,,,ASH_COATED_OSMIUM,XIRECS,9992.0,2
774300,,,ASH_COATED_OSMIUM,XIRECS,9995.0,9
776200,,,ASH_COATED_OSMIUM,XIRECS,10010.0,4
778300,,,ASH_COATED_OSMIUM,XIRECS,9994.0,5
778600,,,ASH_COATED_OSMIUM,XIRECS,10009.0,7
787800,,,ASH_COATED_OSMIUM,XIRECS,9992.0,3
792100,,,ASH_COATED_OSMIUM,XIRECS,9987.0,9
797000,,,ASH_COATED_OSMIUM,XIRECS,10003.0,2
799500,,,ASH_COATED_OSMIUM,XIRECS,9988.0,2
802300,,,ASH_COATED_OSMIUM,XIRECS,9986.0,6
805500,,,ASH_COATED_OSMIUM,XIRECS,9986.0,8
818800,,,ASH_COATED_OSMIUM,XIRECS,9988.0,2
821700,,,ASH_COATED_OSMIUM,XIRECS,10004.0,6
826700,,,ASH_COATED_OSMIUM,XIRECS,9982.0,6
827600,,,ASH_COATED_OSMIUM,XIRECS,9982.0,2
830500,,,ASH_COATED_OSMIUM,XIRECS,9998.0,3
830600,,,ASH_COATED_OSMIUM,XIRECS,9998.0,7
834000,,,ASH_COATED_OSMIUM,XIRECS,9992.0,3
835100,,,ASH_COATED_OSMIUM,XIRECS,10005.0,3
840600,,,ASH_COATED_OSMIUM,XIRECS,9988.0,2
842600,,,ASH_COATED_OSMIUM,XIRECS,10004.0,3
845900,,,ASH_COATED_OSMIUM,XIRECS,9989.0,9
847200,,,ASH_COATED_OSMIUM,XIRECS,9989.0,3
850900,,,ASH_COATED_OSMIUM,XIRECS,10004.0,5
852400,,,ASH_COATED_OSMIUM,XIRECS,9986.0,5
855000,,,ASH_COATED_OSMIUM,XIRECS,9989.0,4
861700,,,ASH_COATED_OSMIUM,XIRECS,9990.0,3
864700,,,ASH_COATED_OSMIUM,XIRECS,10008.0,6
865200,,,ASH_COATED_OSMIUM,XIRECS,10006.0,5
868300,,,ASH_COATED_OSMIUM,XIRECS,10008.0,4
871400,,,ASH_COATED_OSMIUM,XIRECS,9995.0,9
873900,,,ASH_COATED_OSMIUM,XIRECS,9992.0,5
874900,,,ASH_COATED_OSMIUM,XIRECS,9992.0,7
875600,,,ASH_COATED_OSMIUM,XIRECS,9992.0,4
875800,,,ASH_COATED_OSMIUM,XIRECS,9992.0,6
875900,,,ASH_COATED_OSMIUM,XIRECS,9992.0,6
881900,,,ASH_COATED_OSMIUM,XIRECS,10012.0,10
883100,,,ASH_COATED_OSMIUM,XIRECS,10010.0,2
884800,,,ASH_COATED_OSMIUM,XIRECS,10010.0,8
888100,,,ASH_COATED_OSMIUM,XIRECS,9991.0,6
888200,,,ASH_COATED_OSMIUM,XIRECS,9994.0,5
888600,,,ASH_COATED_OSMIUM,XIRECS,10010.0,2
891300,,,ASH_COATED_OSMIUM,XIRECS,10003.0,3
896700,,,ASH_COATED_OSMIUM,XIRECS,9993.0,3
896900,,,ASH_COATED_OSMIUM,XIRECS,10011.0,10
898000,,,ASH_COATED_OSMIUM,XIRECS,10009.0,10
898800,,,ASH_COATED_OSMIUM,XIRECS,10008.0,4
899100,,,ASH_COATED_OSMIUM,XIRECS,9992.0,9
899600,,,ASH_COATED_OSMIUM,XIRECS,10008.0,5
902700,,,ASH_COATED_OSMIUM,XIRECS,9987.0,4
904100,,,ASH_COATED_OSMIUM,XIRECS,9991.0,3
904700,,,ASH_COATED_OSMIUM,XIRECS,10005.0,6
907700,,,ASH_COATED_OSMIUM,XIRECS,10007.0,5
911300,,,ASH_COATED_OSMIUM,XIRECS,9990.0,6
912500,,,ASH_COATED_OSMIUM,XIRECS,10007.0,5
914500,,,ASH_COATED_OSMIUM,XIRECS,9986.0,10
914700,,,ASH_COATED_OSMIUM,XIRECS,10006.0,5
915600,,,ASH_COATED_OSMIUM,XIRECS,9990.0,5
917100,,,ASH_COATED_OSMIUM,XIRECS,9990.0,6
919000,,,ASH_COATED_OSMIUM,XIRECS,10005.0,3
920000,,,ASH_COATED_OSMIUM,XIRECS,10006.0,5
921500,,,ASH_COATED_OSMIUM,XIRECS,9989.0,4
922500,,,ASH_COATED_OSMIUM,XIRECS,9988.0,5
922600,,,ASH_COATED_OSMIUM,XIRECS,10008.0,3
925200,,,ASH_COATED_OSMIUM,XIRECS,9989.0,2
929800,,,ASH_COATED_OSMIUM,XIRECS,10004.0,3
934300,,,ASH_COATED_OSMIUM,XIRECS,9990.0,6
935000,,,ASH_COATED_OSMIUM,XIRECS,10007.0,5
935200,,,ASH_COATED_OSMIUM,XIRECS,10005.0,3
936400,,,ASH_COATED_OSMIUM,XIRECS,9987.0,3
936400,,,ASH_COATED_OSMIUM,XIRECS,10006.0,6
937900,,,ASH_COATED_OSMIUM,XIRECS,10006.0,2
939300,,,ASH_COATED_OSMIUM,XIRECS,10006.0,2
939400,,,ASH_COATED_OSMIUM,XIRECS,10008.0,3
939900,,,ASH_COATED_OSMIUM,XIRECS,9990.0,4
940300,,,ASH_COATED_OSMIUM,XIRECS,9990.0,6
940900,,,ASH_COATED_OSMIUM,XIRECS,9991.0,4
940900,,,ASH_COATED_OSMIUM,XIRECS,9991.0,9
948900,,,ASH_COATED_OSMIUM,XIRECS,9995.0,4
951500,,,ASH_COATED_OSMIUM,XIRECS,9996.0,6
952000,,,ASH_COATED_OSMIUM,XIRECS,9995.0,6
952900,,,ASH_COATED_OSMIUM,XIRECS,9992.0,9
954500,,,ASH_COATED_OSMIUM,XIRECS,9995.0,5
954800,,,ASH_COATED_OSMIUM,XIRECS,10010.0,5
954800,,,ASH_COATED_OSMIUM,XIRECS,9994.0,7
955200,,,ASH_COATED_OSMIUM,XIRECS,10010.0,6
955300,,,ASH_COATED_OSMIUM,XIRECS,9995.0,6
962100,,,ASH_COATED_OSMIUM,XIRECS,10015.0,5
968200,,,ASH_COATED_OSMIUM,XIRECS,9995.0,3
968700,,,ASH_COATED_OSMIUM,XIRECS,9994.0,6
969300,,,ASH_COATED_OSMIUM,XIRECS,9995.0,3
973300,,,ASH_COATED_OSMIUM,XIRECS,9994.0,2
983900,,,ASH_COATED_OSMIUM,XIRECS,10012.0,7
984200,,,ASH_COATED_OSMIUM,XIRECS,9996.0,2
987100,,,ASH_COATED_OSMIUM,XIRECS,9996.0,6
988000,,,ASH_COATED_OSMIUM,XIRECS,10011.0,6
988100,,,ASH_COATED_OSMIUM,XIRECS,10011.0,8
994100,,,ASH_COATED_OSMIUM,XIRECS,9993.0,10
995800,,,ASH_COATED_OSMIUM,XIRECS,9993.0,6
997100,,,ASH_COATED_OSMIUM,XIRECS,10009.0,6
997800,,,ASH_COATED_OSMIUM,XIRECS,9994.0,5
700,,,ASH_COATED_OSMIUM,XIRECS,9990.0,6
900,,,ASH_COATED_OSMIUM,XIRECS,9998.0,2
2500,,,ASH_COATED_OSMIUM,XIRECS,10011.0,8
6100,,,ASH_COATED_OSMIUM,XIRECS,10013.0,8
12900,,,ASH_COATED_OSMIUM,XIRECS,10001.0,9
13800,,,ASH_COATED_OSMIUM,XIRECS,10017.0,3
15000,,,ASH_COATED_OSMIUM,XIRECS,10016.0,3
15100,,,ASH_COATED_OSMIUM,XIRECS,10016.0,5
15900,,,ASH_COATED_OSMIUM,XIRECS,9995.0,9
17400,,,ASH_COATED_OSMIUM,XIRECS,10014.0,4
18400,,,ASH_COATED_OSMIUM,XIRECS,10018.0,4
24000,,,ASH_COATED_OSMIUM,XIRECS,10013.0,6
28700,,,ASH_COATED_OSMIUM,XIRECS,10011.0,2
28800,,,ASH_COATED_OSMIUM,XIRECS,10011.0,10
30700,,,ASH_COATED_OSMIUM,XIRECS,10012.0,6
32400,,,ASH_COATED_OSMIUM,XIRECS,10005.0,4
33000,,,ASH_COATED_OSMIUM,XIRECS,10013.0,9
36600,,,ASH_COATED_OSMIUM,XIRECS,9997.0,6
36700,,,ASH_COATED_OSMIUM,XIRECS,10012.0,10
40500,,,ASH_COATED_OSMIUM,XIRECS,9997.0,2
42000,,,ASH_COATED_OSMIUM,XIRECS,10006.0,4
44200,,,ASH_COATED_OSMIUM,XIRECS,10014.0,2
45600,,,ASH_COATED_OSMIUM,XIRECS,10011.0,4
48000,,,ASH_COATED_OSMIUM,XIRECS,10014.0,10
50000,,,ASH_COATED_OSMIUM,XIRECS,10008.0,3
50800,,,ASH_COATED_OSMIUM,XIRECS,10015.0,5
51400,,,ASH_COATED_OSMIUM,XIRECS,10018.0,8
53800,,,ASH_COATED_OSMIUM,XIRECS,9999.0,10
55900,,,ASH_COATED_OSMIUM,XIRECS,10013.0,6
57600,,,ASH_COATED_OSMIUM,XIRECS,9998.0,6
67300,,,ASH_COATED_OSMIUM,XIRECS,9989.0,8
69400,,,ASH_COATED_OSMIUM,XIRECS,9987.0,5
71700,,,ASH_COATED_OSMIUM,XIRECS,9990.0,8
72900,,,ASH_COATED_OSMIUM,XIRECS,9990.0,9
73900,,,ASH_COATED_OSMIUM,XIRECS,9991.0,7
74500,,,ASH_COATED_OSMIUM,XIRECS,10007.0,9
76000,,,ASH_COATED_OSMIUM,XIRECS,10008.0,7
79600,,,ASH_COATED_OSMIUM,XIRECS,10008.0,6
81200,,,ASH_COATED_OSMIUM,XIRECS,9991.0,6
84600,,,ASH_COATED_OSMIUM,XIRECS,9990.0,2
86100,,,ASH_COATED_OSMIUM,XIRECS,10007.0,6
86200,,,ASH_COATED_OSMIUM,XIRECS,9991.0,4
94000,,,ASH_COATED_OSMIUM,XIRECS,10004.0,8
94400,,,ASH_COATED_OSMIUM,XIRECS,10004.0,3
96300,,,ASH_COATED_OSMIUM,XIRECS,10006.0,8
97200,,,ASH_COATED_OSMIUM,XIRECS,9994.0,4
97600,,,ASH_COATED_OSMIUM,XIRECS,9999.0,3
98200,,,ASH_COATED_OSMIUM,XIRECS,9990.0,3
100100,,,ASH_COATED_OSMIUM,XIRECS,9993.0,3
101700,,,ASH_COATED_OSMIUM,XIRECS,10001.0,5
103900,,,ASH_COATED_OSMIUM,XIRECS,10004.0,4
105100,,,ASH_COATED_OSMIUM,XIRECS,9990.0,8
105200,,,ASH_COATED_OSMIUM,XIRECS,10005.0,3
106000,,,ASH_COATED_OSMIUM,XIRECS,9989.0,4
107900,,,ASH_COATED_OSMIUM,XIRECS,9991.0,6
108800,,,ASH_COATED_OSMIUM,XIRECS,9990.0,9
111800,,,ASH_COATED_OSMIUM,XIRECS,9989.0,6
113300,,,ASH_COATED_OSMIUM,XIRECS,9995.0,5
113500,,,ASH_COATED_OSMIUM,XIRECS,10010.0,4
114100,,,ASH_COATED_OSMIUM,XIRECS,10011.0,10
118900,,,ASH_COATED_OSMIUM,XIRECS,9993.0,3
119100,,,ASH_COATED_OSMIUM,XIRECS,10010.0,4
120000,,,ASH_COATED_OSMIUM,XIRECS,10010.0,8
120900,,,ASH_COATED_OSMIUM,XIRECS,10010.0,6
122900,,,ASH_COATED_OSMIUM,XIRECS,9991.0,3
125200,,,ASH_COATED_OSMIUM,XIRECS,10007.0,3
125400,,,ASH_COATED_OSMIUM,XIRECS,9990.0,3
133100,,,ASH_COATED_OSMIUM,XIRECS,9991.0,8
135800,,,ASH_COATED_OSMIUM,XIRECS,9992.0,2
137500,,,ASH_COATED_OSMIUM,XIRECS,9992.0,5
139000,,,ASH_COATED_OSMIUM,XIRECS,9988.0,6
149800,,,ASH_COATED_OSMIUM,XIRECS,10007.0,6
157000,,,ASH_COATED_OSMIUM,XIRECS,10005.0,3
160300,,,ASH_COATED_OSMIUM,XIRECS,10004.0,5
161600,,,ASH_COATED_OSMIUM,XIRECS,10005.0,2
173600,,,ASH_COATED_OSMIUM,XIRECS,9992.0,5
174200,,,ASH_COATED_OSMIUM,XIRECS,10007.0,3
175000,,,ASH_COATED_OSMIUM,XIRECS,9998.0,3
175400,,,ASH_COATED_OSMIUM,XIRECS,10011.0,4
179600,,,ASH_COATED_OSMIUM,XIRECS,10009.0,10
183600,,,ASH_COATED_OSMIUM,XIRECS,10010.0,10
184400,,,ASH_COATED_OSMIUM,XIRECS,10010.0,5
184800,,,ASH_COATED_OSMIUM,XIRECS,9993.0,2
186400,,,ASH_COATED_OSMIUM,XIRECS,9992.0,5
190100,,,ASH_COATED_OSMIUM,XIRECS,10009.0,3
190800,,,ASH_COATED_OSMIUM,XIRECS,9991.0,6
192800,,,ASH_COATED_OSMIUM,XIRECS,10006.0,5
194700,,,ASH_COATED_OSMIUM,XIRECS,9989.0,9
197100,,,ASH_COATED_OSMIUM,XIRECS,9987.0,3
200600,,,ASH_COATED_OSMIUM,XIRECS,10000.0,6
202700,,,ASH_COATED_OSMIUM,XIRECS,9987.0,2
203500,,,ASH_COATED_OSMIUM,XIRECS,9996.0,3
206500,,,ASH_COATED_OSMIUM,XIRECS,9985.0,3
207600,,,ASH_COATED_OSMIUM,XIRECS,10003.0,2
208500,,,ASH_COATED_OSMIUM,XIRECS,10003.0,9
211000,,,ASH_COATED_OSMIUM,XIRECS,9987.0,2
216000,,,ASH_COATED_OSMIUM,XIRECS,9990.0,6
216600,,,ASH_COATED_OSMIUM,XIRECS,10006.0,5
220300,,,ASH_COATED_OSMIUM,XIRECS,10000.0,2
221200,,,ASH_COATED_OSMIUM,XIRECS,9992.0,3
224200,,,ASH_COATED_OSMIUM,XIRECS,10009.0,4
225700,,,ASH_COATED_OSMIUM,XIRECS,10007.0,4
232000,,,ASH_COATED_OSMIUM,XIRECS,10006.0,4
232100,,,ASH_COATED_OSMIUM,XIRECS,9990.0,2
236400,,,ASH_COATED_OSMIUM,XIRECS,10006.0,9
236600,,,ASH_COATED_OSMIUM,XIRECS,9990.0,10
236800,,,ASH_COATED_OSMIUM,XIRECS,10006.0,2
242400,,,ASH_COATED_OSMIUM,XIRECS,10008.0,5
242600,,,ASH_COATED_OSMIUM,XIRECS,10005.0,4
244000,,,ASH_COATED_OSMIUM,XIRECS,10005.0,2
245900,,,ASH_COATED_OSMIUM,XIRECS,9990.0,3
249700,,,ASH_COATED_OSMIUM,XIRECS,9990.0,4
253000,,,ASH_COATED_OSMIUM,XIRECS,10007.0,2
254100,,,ASH_COATED_OSMIUM,XIRECS,10000.0,4
254400,,,ASH_COATED_OSMIUM,XIRECS,9995.0,2
255200,,,ASH_COATED_OSMIUM,XIRECS,9989.0,2
257500,,,ASH_COATED_OSMIUM,XIRECS,10004.0,5
260000,,,ASH_COATED_OSMIUM,XIRECS,10003.0,7
260800,,,ASH_COATED_OSMIUM,XIRECS,9987.0,3
261600,,,ASH_COATED_OSMIUM,XIRECS,10003.0,4
263500,,,ASH_COATED_OSMIUM,XIRECS,9986.0,3
269500,,,ASH_COATED_OSMIUM,XIRECS,10002.0,2
274300,,,ASH_COATED_OSMIUM,XIRECS,9985.0,5
281200,,,ASH_COATED_OSMIUM,XIRECS,9983.0,3
281300,,,ASH_COATED_OSMIUM,XIRECS,9983.0,4
281600,,,ASH_COATED_OSMIUM,XIRECS,10000.0,5
282600,,,ASH_COATED_OSMIUM,XIRECS,10002.0,6
285400,,,ASH_COATED_OSMIUM,XIRECS,9987.0,10
288300,,,ASH_COATED_OSMIUM,XIRECS,10001.0,7
289400,,,ASH_COATED_OSMIUM,XIRECS,9986.0,6
291200,,,ASH_COATED_OSMIUM,XIRECS,9986.0,7
292200,,,ASH_COATED_OSMIUM,XIRECS,9986.0,2
295400,,,ASH_COATED_OSMIUM,XIRECS,10001.0,6
297600,,,ASH_COATED_OSMIUM,XIRECS,10003.0,6
298600,,,ASH_COATED_OSMIUM,XIRECS,10006.0,2
300000,,,ASH_COATED_OSMIUM,XIRECS,10000.0,6
300900,,,ASH_COATED_OSMIUM,XIRECS,9982.0,10
302000,,,ASH_COATED_OSMIUM,XIRECS,9981.0,6
303700,,,ASH_COATED_OSMIUM,XIRECS,10000.0,5
304000,,,ASH_COATED_OSMIUM,XIRECS,10000.0,5
306100,,,ASH_COATED_OSMIUM,XIRECS,9985.0,9
306400,,,ASH_COATED_OSMIUM,XIRECS,10001.0,7
313700,,,ASH_COATED_OSMIUM,XIRECS,10000.0,4
314200,,,ASH_COATED_OSMIUM,XIRECS,10000.0,4
315300,,,ASH_COATED_OSMIUM,XIRECS,10000.0,6
316200,,,ASH_COATED_OSMIUM,XIRECS,9985.0,3
318800,,,ASH_COATED_OSMIUM,XIRECS,9986.0,7
321100,,,ASH_COATED_OSMIUM,XIRECS,10002.0,6
324600,,,ASH_COATED_OSMIUM,XIRECS,10002.0,6
330800,,,ASH_COATED_OSMIUM,XIRECS,9982.0,6
333400,,,ASH_COATED_OSMIUM,XIRECS,9983.0,10
333600,,,ASH_COATED_OSMIUM,XIRECS,9999.0,5
346700,,,ASH_COATED_OSMIUM,XIRECS,9979.0,3
349500,,,ASH_COATED_OSMIUM,XIRECS,9999.0,6
351800,,,ASH_COATED_OSMIUM,XIRECS,10003.0,4
354200,,,ASH_COATED_OSMIUM,XIRECS,9986.0,6
354700,,,ASH_COATED_OSMIUM,XIRECS,10003.0,4
355900,,,ASH_COATED_OSMIUM,XIRECS,10006.0,6
361700,,,ASH_COATED_OSMIUM,XIRECS,10005.0,2
364000,,,ASH_COATED_OSMIUM,XIRECS,10007.0,9
367100,,,ASH_COATED_OSMIUM,XIRECS,10007.0,5
368100,,,ASH_COATED_OSMIUM,XIRECS,10009.0,6
370400,,,ASH_COATED_OSMIUM,XIRECS,9993.0,6
370700,,,ASH_COATED_OSMIUM,XIRECS,9993.0,8
372600,,,ASH_COATED_OSMIUM,XIRECS,9990.0,6
377800,,,ASH_COATED_OSMIUM,XIRECS,10008.0,7
379600,,,ASH_COATED_OSMIUM,XIRECS,9994.0,2
385000,,,ASH_COATED_OSMIUM,XIRECS,10005.0,4
387100,,,ASH_COATED_OSMIUM,XIRECS,10010.0,3
387100,,,ASH_COATED_OSMIUM,XIRECS,9994.0,5
390000,,,ASH_COATED_OSMIUM,XIRECS,9995.0,5
391500,,,ASH_COATED_OSMIUM,XIRECS,9992.0,7
394100,,,ASH_COATED_OSMIUM,XIRECS,10013.0,7
395900,,,ASH_COATED_OSMIUM,XIRECS,9996.0,3
396400,,,ASH_COATED_OSMIUM,XIRECS,9996.0,8
399900,,,ASH_COATED_OSMIUM,XIRECS,9995.0,9
401400,,,ASH_COATED_OSMIUM,XIRECS,9995.0,6
402300,,,ASH_COATED_OSMIUM,XIRECS,10014.0,7
403200,,,ASH_COATED_OSMIUM,XIRECS,9999.0,5
404200,,,ASH_COATED_OSMIUM,XIRECS,10010.0,6
412200,,,ASH_COATED_OSMIUM,XIRECS,9997.0,2
414900,,,ASH_COATED_OSMIUM,XIRECS,9998.0,8
416800,,,ASH_COATED_OSMIUM,XIRECS,10018.0,9
417000,,,ASH_COATED_OSMIUM,XIRECS,10000.0,6
418000,,,ASH_COATED_OSMIUM,XIRECS,10018.0,6
436300,,,ASH_COATED_OSMIUM,XIRECS,9999.0,3
438600,,,ASH_COATED_OSMIUM,XIRECS,9995.0,6
439300,,,ASH_COATED_OSMIUM,XIRECS,9992.0,10
441100,,,ASH_COATED_OSMIUM,XIRECS,9994.0,7
444100,,,ASH_COATED_OSMIUM,XIRECS,10008.0,4
447000,,,ASH_COATED_OSMIUM,XIRECS,10009.0,9
449800,,,ASH_COATED_OSMIUM,XIRECS,9989.0,3
450700,,,ASH_COATED_OSMIUM,XIRECS,10007.0,6
452000,,,ASH_COATED_OSMIUM,XIRECS,10006.0,2
453900,,,ASH_COATED_OSMIUM,XIRECS,9992.0,2
454100,,,ASH_COATED_OSMIUM,XIRECS,10007.0,6
454200,,,ASH_COATED_OSMIUM,XIRECS,9997.0,3
454800,,,ASH_COATED_OSMIUM,XIRECS,9993.0,4
455100,,,ASH_COATED_OSMIUM,XIRECS,9993.0,7
455800,,,ASH_COATED_OSMIUM,XIRECS,9993.0,5
460600,,,ASH_COATED_OSMIUM,XIRECS,10010.0,6
462400,,,ASH_COATED_OSMIUM,XIRECS,10010.0,6
463200,,,ASH_COATED_OSMIUM,XIRECS,9993.0,3
469900,,,ASH_COATED_OSMIUM,XIRECS,9992.0,2
472500,,,ASH_COATED_OSMIUM,XIRECS,9994.0,5
473000,,,ASH_COATED_OSMIUM,XIRECS,10010.0,5
475900,,,ASH_COATED_OSMIUM,XIRECS,10009.0,5
479000,,,ASH_COATED_OSMIUM,XIRECS,9991.0,2
479500,,,ASH_COATED_OSMIUM,XIRECS,10010.0,4
481100,,,ASH_COATED_OSMIUM,XIRECS,9995.0,3
481400,,,ASH_COATED_OSMIUM,XIRECS,9994.0,6
483200,,,ASH_COATED_OSMIUM,XIRECS,10011.0,3
485200,,,ASH_COATED_OSMIUM,XIRECS,10012.0,4
486000,,,ASH_COATED_OSMIUM,XIRECS,9992.0,4
491100,,,ASH_COATED_OSMIUM,XIRECS,10003.0,2
493600,,,ASH_COATED_OSMIUM,XIRECS,9986.0,3
495400,,,ASH_COATED_OSMIUM,XIRECS,10005.0,3
496700,,,ASH_COATED_OSMIUM,XIRECS,9988.0,3
498400,,,ASH_COATED_OSMIUM,XIRECS,9985.0,4
499700,,,ASH_COATED_OSMIUM,XIRECS,10002.0,9
503300,,,ASH_COATED_OSMIUM,XIRECS,9983.0,3
504200,,,ASH_COATED_OSMIUM,XIRECS,9986.0,6
506600,,,ASH_COATED_OSMIUM,XIRECS,9984.0,7
512400,,,ASH_COATED_OSMIUM,XIRECS,10000.0,7
515100,,,ASH_COATED_OSMIUM,XIRECS,9984.0,6
515800,,,ASH_COATED_OSMIUM,XIRECS,9982.0,6
516500,,,ASH_COATED_OSMIUM,XIRECS,9997.0,3
517000,,,ASH_COATED_OSMIUM,XIRECS,9998.0,4
524900,,,ASH_COATED_OSMIUM,XIRECS,9986.0,3
525600,,,ASH_COATED_OSMIUM,XIRECS,9986.0,8
526400,,,ASH_COATED_OSMIUM,XIRECS,10006.0,4
526900,,,ASH_COATED_OSMIUM,XIRECS,9986.0,6
528200,,,ASH_COATED_OSMIUM,XIRECS,9986.0,4
528400,,,ASH_COATED_OSMIUM,XIRECS,10002.0,6
529500,,,ASH_COATED_OSMIUM,XIRECS,9987.0,9
530500,,,ASH_COATED_OSMIUM,XIRECS,10003.0,4
531300,,,ASH_COATED_OSMIUM,XIRECS,9987.0,6
532800,,,ASH_COATED_OSMIUM,XIRECS,9992.0,2
532900,,,ASH_COATED_OSMIUM,XIRECS,10002.0,4
534200,,,ASH_COATED_OSMIUM,XIRECS,9986.0,6
537900,,,ASH_COATED_OSMIUM,XIRECS,9985.0,10
539300,,,ASH_COATED_OSMIUM,XIRECS,10003.0,8
543700,,,ASH_COATED_OSMIUM,XIRECS,9984.0,6
543700,,,ASH_COATED_OSMIUM,XIRECS,9984.0,6
543900,,,ASH_COATED_OSMIUM,XIRECS,9984.0,2
545500,,,ASH_COATED_OSMIUM,XIRECS,9992.0,3
546300,,,ASH_COATED_OSMIUM,XIRECS,10001.0,3
547500,,,ASH_COATED_OSMIUM,XIRECS,9982.0,8
548400,,,ASH_COATED_OSMIUM,XIRECS,9979.0,9
549600,,,ASH_COATED_OSMIUM,XIRECS,9998.0,5
551300,,,ASH_COATED_OSMIUM,XIRECS,9984.0,5
554800,,,ASH_COATED_OSMIUM,XIRECS,9998.0,2
556700,,,ASH_COATED_OSMIUM,XIRECS,9984.0,6
557600,,,ASH_COATED_OSMIUM,XIRECS,9999.0,4
565000,,,ASH_COATED_OSMIUM,XIRECS,9999.0,4
566200,,,ASH_COATED_OSMIUM,XIRECS,9983.0,10
567300,,,ASH_COATED_OSMIUM,XIRECS,10001.0,8
571800,,,ASH_COATED_OSMIUM,XIRECS,9986.0,3
573700,,,ASH_COATED_OSMIUM,XIRECS,9988.0,10
573900,,,ASH_COATED_OSMIUM,XIRECS,10007.0,5
574500,,,ASH_COATED_OSMIUM,XIRECS,10007.0,6
578700,,,ASH_COATED_OSMIUM,XIRECS,9993.0,4
583300,,,ASH_COATED_OSMIUM,XIRECS,9987.0,6
587000,,,ASH_COATED_OSMIUM,XIRECS,9999.0,6
599500,,,ASH_COATED_OSMIUM,XIRECS,9996.0,3
606100,,,ASH_COATED_OSMIUM,XIRECS,9983.0,4
609300,,,ASH_COATED_OSMIUM,XIRECS,9983.0,6
610500,,,ASH_COATED_OSMIUM,XIRECS,9996.0,4
611500,,,ASH_COATED_OSMIUM,XIRECS,9986.0,8
612200,,,ASH_COATED_OSMIUM,XIRECS,10004.0,3
623800,,,ASH_COATED_OSMIUM,XIRECS,10003.0,5
624100,,,ASH_COATED_OSMIUM,XIRECS,9987.0,4
624700,,,ASH_COATED_OSMIUM,XIRECS,10004.0,4
635000,,,ASH_COATED_OSMIUM,XIRECS,10007.0,9
637400,,,ASH_COATED_OSMIUM,XIRECS,9989.0,2
638000,,,ASH_COATED_OSMIUM,XIRECS,9987.0,8
642800,,,ASH_COATED_OSMIUM,XIRECS,9988.0,6
644300,,,ASH_COATED_OSMIUM,XIRECS,10004.0,2
645800,,,ASH_COATED_OSMIUM,XIRECS,10005.0,10
648100,,,ASH_COATED_OSMIUM,XIRECS,10006.0,3
648300,,,ASH_COATED_OSMIUM,XIRECS,9988.0,10
648800,,,ASH_COATED_OSMIUM,XIRECS,10005.0,5
649200,,,ASH_COATED_OSMIUM,XIRECS,10005.0,4
653100,,,ASH_COATED_OSMIUM,XIRECS,10004.0,4
656500,,,ASH_COATED_OSMIUM,XIRECS,9990.0,9
657300,,,ASH_COATED_OSMIUM,XIRECS,9996.0,3
658600,,,ASH_COATED_OSMIUM,XIRECS,10006.0,2
659500,,,ASH_COATED_OSMIUM,XIRECS,9988.0,6
659700,,,ASH_COATED_OSMIUM,XIRECS,10007.0,5
660600,,,ASH_COATED_OSMIUM,XIRECS,10006.0,2
662300,,,ASH_COATED_OSMIUM,XIRECS,10005.0,3
664800,,,ASH_COATED_OSMIUM,XIRECS,9988.0,4
669700,,,ASH_COATED_OSMIUM,XIRECS,10005.0,10
671900,,,ASH_COATED_OSMIUM,XIRECS,9984.0,3
674700,,,ASH_COATED_OSMIUM,XIRECS,10003.0,5
679200,,,ASH_COATED_OSMIUM,XIRECS,9985.0,7
680000,,,ASH_COATED_OSMIUM,XIRECS,10004.0,6
687000,,,ASH_COATED_OSMIUM,XIRECS,10005.0,8
687900,,,ASH_COATED_OSMIUM,XIRECS,9990.0,4
694200,,,ASH_COATED_OSMIUM,XIRECS,9992.0,3
698100,,,ASH_COATED_OSMIUM,XIRECS,9991.0,2
699900,,,ASH_COATED_OSMIUM,XIRECS,9991.0,9
700600,,,ASH_COATED_OSMIUM,XIRECS,9991.0,3
706600,,,ASH_COATED_OSMIUM,XIRECS,10011.0,9
710100,,,ASH_COATED_OSMIUM,XIRECS,9992.0,3
710500,,,ASH_COATED_OSMIUM,XIRECS,10008.0,6
712400,,,ASH_COATED_OSMIUM,XIRECS,9991.0,5
713700,,,ASH_COATED_OSMIUM,XIRECS,9990.0,4
714000,,,ASH_COATED_OSMIUM,XIRECS,10004.0,7
715000,,,ASH_COATED_OSMIUM,XIRECS,9989.0,5
715700,,,ASH_COATED_OSMIUM,XIRECS,9998.0,3
721600,,,ASH_COATED_OSMIUM,XIRECS,10006.0,5
722300,,,ASH_COATED_OSMIUM,XIRECS,9990.0,5
722800,,,ASH_COATED_OSMIUM,XIRECS,10009.0,2
723600,,,ASH_COATED_OSMIUM,XIRECS,9991.0,6
729700,,,ASH_COATED_OSMIUM,XIRECS,10008.0,4
731100,,,ASH_COATED_OSMIUM,XIRECS,9988.0,3
735400,,,ASH_COATED_OSMIUM,XIRECS,9989.0,6
745600,,,ASH_COATED_OSMIUM,XIRECS,10006.0,2
750000,,,ASH_COATED_OSMIUM,XIRECS,9988.0,9
752600,,,ASH_COATED_OSMIUM,XIRECS,10003.0,6
752900,,,ASH_COATED_OSMIUM,XIRECS,9988.0,3
753100,,,ASH_COATED_OSMIUM,XIRECS,10005.0,7
753400,,,ASH_COATED_OSMIUM,XIRECS,10004.0,2
756700,,,ASH_COATED_OSMIUM,XIRECS,10004.0,6
756700,,,ASH_COATED_OSMIUM,XIRECS,10004.0,7
759200,,,ASH_COATED_OSMIUM,XIRECS,10005.0,2
759300,,,ASH_COATED_OSMIUM,XIRECS,9989.0,5
760600,,,ASH_COATED_OSMIUM,XIRECS,10005.0,5
762200,,,ASH_COATED_OSMIUM,XIRECS,10005.0,2
763400,,,ASH_COATED_OSMIUM,XIRECS,9989.0,2
764800,,,ASH_COATED_OSMIUM,XIRECS,9988.0,8
765200,,,ASH_COATED_OSMIUM,XIRECS,10003.0,5
768500,,,ASH_COATED_OSMIUM,XIRECS,10004.0,9
773100,,,ASH_COATED_OSMIUM,XIRECS,10005.0,6
774200,,,ASH_COATED_OSMIUM,XIRECS,9990.0,4
775300,,,ASH_COATED_OSMIUM,XIRECS,10005.0,5
776400,,,ASH_COATED_OSMIUM,XIRECS,9990.0,2
776700,,,ASH_COATED_OSMIUM,XIRECS,9989.0,6
777000,,,ASH_COATED_OSMIUM,XIRECS,10008.0,6
778400,,,ASH_COATED_OSMIUM,XIRECS,9995.0,5
786600,,,ASH_COATED_OSMIUM,XIRECS,9989.0,2
788400,,,ASH_COATED_OSMIUM,XIRECS,10003.0,5
790200,,,ASH_COATED_OSMIUM,XIRECS,9988.0,3
791700,,,ASH_COATED_OSMIUM,XIRECS,9987.0,2
792800,,,ASH_COATED_OSMIUM,XIRECS,10005.0,7
795100,,,ASH_COATED_OSMIUM,XIRECS,9987.0,3
796500,,,ASH_COATED_OSMIUM,XIRECS,9986.0,4
799600,,,ASH_COATED_OSMIUM,XIRECS,10006.0,7
800100,,,ASH_COATED_OSMIUM,XIRECS,9988.0,3
801800,,,ASH_COATED_OSMIUM,XIRECS,9987.0,2
803900,,,ASH_COATED_OSMIUM,XIRECS,9986.0,2
804900,,,ASH_COATED_OSMIUM,XIRECS,10003.0,5
808400,,,ASH_COATED_OSMIUM,XIRECS,10001.0,8
809500,,,ASH_COATED_OSMIUM,XIRECS,9999.0,3
814300,,,ASH_COATED_OSMIUM,XIRECS,10002.0,3
817900,,,ASH_COATED_OSMIUM,XIRECS,9988.0,10
821000,,,ASH_COATED_OSMIUM,XIRECS,9998.0,4
822700,,,ASH_COATED_OSMIUM,XIRECS,10005.0,7
830100,,,ASH_COATED_OSMIUM,XIRECS,9990.0,5
830500,,,ASH_COATED_OSMIUM,XIRECS,10009.0,6
830700,,,ASH_COATED_OSMIUM,XIRECS,9991.0,9
831800,,,ASH_COATED_OSMIUM,XIRECS,10011.0,2
832300,,,ASH_COATED_OSMIUM,XIRECS,10010.0,4
833300,,,ASH_COATED_OSMIUM,XIRECS,9996.0,8
834300,,,ASH_COATED_OSMIUM,XIRECS,10011.0,5
835200,,,ASH_COATED_OSMIUM,XIRECS,10011.0,2
836900,,,ASH_COATED_OSMIUM,XIRECS,9995.0,5
837000,,,ASH_COATED_OSMIUM,XIRECS,10014.0,4
840000,,,ASH_COATED_OSMIUM,XIRECS,10010.0,5
841100,,,ASH_COATED_OSMIUM,XIRECS,9995.0,5
842200,,,ASH_COATED_OSMIUM,XIRECS,9996.0,5
846300,,,ASH_COATED_OSMIUM,XIRECS,10011.0,5
850000,,,ASH_COATED_OSMIUM,XIRECS,9996.0,10
850600,,,ASH_COATED_OSMIUM,XIRECS,9992.0,3
851200,,,ASH_COATED_OSMIUM,XIRECS,10011.0,6
853400,,,ASH_COATED_OSMIUM,XIRECS,9993.0,4
858400,,,ASH_COATED_OSMIUM,XIRECS,9993.0,5
858600,,,ASH_COATED_OSMIUM,XIRECS,9993.0,5
858600,,,ASH_COATED_OSMIUM,XIRECS,9993.0,5
867300,,,ASH_COATED_OSMIUM,XIRECS,9997.0,8
874800,,,ASH_COATED_OSMIUM,XIRECS,10013.0,2
876400,,,ASH_COATED_OSMIUM,XIRECS,10013.0,2
878100,,,ASH_COATED_OSMIUM,XIRECS,10012.0,4
891300,,,ASH_COATED_OSMIUM,XIRECS,10008.0,10
892800,,,ASH_COATED_OSMIUM,XIRECS,10008.0,5
895700,,,ASH_COATED_OSMIUM,XIRECS,10010.0,4
898400,,,ASH_COATED_OSMIUM,XIRECS,9995.0,9
901700,,,ASH_COATED_OSMIUM,XIRECS,9993.0,3
902500,,,ASH_COATED_OSMIUM,XIRECS,9994.0,4
902700,,,ASH_COATED_OSMIUM,XIRECS,9995.0,3
903500,,,ASH_COATED_OSMIUM,XIRECS,9994.0,5
905800,,,ASH_COATED_OSMIUM,XIRECS,9995.0,2
906100,,,ASH_COATED_OSMIUM,XIRECS,10010.0,6
910600,,,ASH_COATED_OSMIUM,XIRECS,9994.0,7
914300,,,ASH_COATED_OSMIUM,XIRECS,9993.0,4
917400,,,ASH_COATED_OSMIUM,XIRECS,9994.0,5
923300,,,ASH_COATED_OSMIUM,XIRECS,10006.0,3
924600,,,ASH_COATED_OSMIUM,XIRECS,9996.0,3
931300,,,ASH_COATED_OSMIUM,XIRECS,10013.0,8
932500,,,ASH_COATED_OSMIUM,XIRECS,9995.0,8
933500,,,ASH_COATED_OSMIUM,XIRECS,10013.0,9
933700,,,ASH_COATED_OSMIUM,XIRECS,10012.0,6
936100,,,ASH_COATED_OSMIUM,XIRECS,9995.0,4
940100,,,ASH_COATED_OSMIUM,XIRECS,9999.0,10
940600,,,ASH_COATED_OSMIUM,XIRECS,9999.0,6
943100,,,ASH_COATED_OSMIUM,XIRECS,9999.0,6
943600,,,ASH_COATED_OSMIUM,XIRECS,10004.0,2
943900,,,ASH_COATED_OSMIUM,XIRECS,9998.0,5
946000,,,ASH_COATED_OSMIUM,XIRECS,9998.0,5
951300,,,ASH_COATED_OSMIUM,XIRECS,9995.0,6
956100,,,ASH_COATED_OSMIUM,XIRECS,10010.0,6
957400,,,ASH_COATED_OSMIUM,XIRECS,10006.0,4
959400,,,ASH_COATED_OSMIUM,XIRECS,10006.0,4
960200,,,ASH_COATED_OSMIUM,XIRECS,9989.0,6
963200,,,ASH_COATED_OSMIUM,XIRECS,10005.0,6
964800,,,ASH_COATED_OSMIUM,XIRECS,10006.0,6
966000,,,ASH_COATED_OSMIUM,XIRECS,9987.0,6
967000,,,ASH_COATED_OSMIUM,XIRECS,10004.0,8
973400,,,ASH_COATED_OSMIUM,XIRECS,9986.0,8
973700,,,ASH_COATED_OSMIUM,XIRECS,10002.0,2
974900,,,ASH_COATED_OSMIUM,XIRECS,9986.0,6
976500,,,ASH_COATED_OSMIUM,XIRECS,9985.0,6
977100,,,ASH_COATED_OSMIUM,XIRECS,10001.0,7
980800,,,ASH_COATED_OSMIUM,XIRECS,10000.0,3
988000,,,ASH_COATED_OSMIUM,XIRECS,9981.0,4
992000,,,ASH_COATED_OSMIUM,XIRECS,9983.0,4
994200,,,ASH_COATED_OSMIUM,XIRECS,10002.0,2
995300,,,ASH_COATED_OSMIUM,XIRECS,10001.0,6
